code,name,unitprice
1,Concrete Pants,78.43
2,Bacon,18.19
3,Concrete Keyboard,14.14
4,Sleek Rubber Cheese,71.62
5,Tuna,94.95
6,Salad,40.48
7,Plastic Gloves,17.76
8,Ergonomic Salad,72.4
9,For repair Salad,69.08
10,Mouse,89.96
11,Sleek Computer,22.16
12,New Rubber Tuna,15.91
13,Plastic Shirt,36.25
14,Chicken,58.08
15,Small Frozen Sausages,64.42
16,Gloves,4.75
17,Concrete Sausages,74.77
18,Steel Pants,86.33
19,Fantastic Cotton Bacon,57.36
20,Bike,59.84
21,Gorgeous Granite Chair,41.08
22,Wooden Salad,91.13
23,Bike,90.87
24,Granite Chair,64.02
25,Rustic Computer,4.08
26,Incredible Bacon,70.0
27,Granite Bacon,60.24
28,Rubber Hat,17.19
29,Generic Shirt,44.61
30,Frozen Cheese,30.38
31,Chips,44.77
32,Bike,49.41
33,Handcrafted Soft Chicken,99.15
34,Intelligent Concrete Salad,86.05
35,Cotton Salad,56.56
36,Gently Used Plastic Fish,21.1
37,Granite Bacon,54.97
38,Towels,39.42
39,Metal Car,78.75
40,Generic Frozen Salad,99.18
41,Chips,89.21
42,Chicken,40.12
43,Fresh Hat,64.15
44,Computer,87.94
45,Shirt,62.08
46,Chicken,83.81
47,Used Rubber Chicken,27.32
48,Rustic Plastic Soap,77.86
49,For repair Ball,62.93
50,Fantastic Sausages,41.67
51,Cotton Table,66.09
52,Ergonomic Granite Bike,41.06
53,Small Rubber Sausages,89.29
54,Intelligent Bacon,46.46
55,New Soap,91.74
56,Plastic Towels,85.96
57,Ergonomic Frozen Shirt,11.13
58,Ergonomic Shoes,38.39
59,Chair,59.27
60,Ergonomic Fish,90.82
61,Small Wooden Mouse,8.06
62,Chair,49.8
63,Wooden Tuna,34.84
64,Hat,40.62
65,Sleek Keyboard,32.49
66,Cotton Pants,67.76
67,Cotton Pizza,20.67
68,Gloves,47.75
69,Towels,94.88
70,Unbranded Shirt,49.44
71,Wooden Towels,24.78
72,Used Steel Bacon,14.22
73,Soft Shirt,89.68
74,Shoes,36.07
75,Keyboard,90.82
76,Bacon,28.56
77,Frozen Shirt,24.56
78,Keyboard,72.03
79,Shirt,46.91
80,Practical Metal Bacon,46.51
81,Refined Cheese,63.85
82,Small Cotton Mouse,34.8
83,Handcrafted Sausages,78.84
84,Shoes,78.79
85,Rustic Fresh Towels,84.63
86,Awesome Soft Pants,96.2
87,Generic Car,58.66
88,Used Concrete Salad,62.18
89,Awesome Shirt,53.4
90,Plastic Ball,18.15
91,Small Fish,12.21
92,Gorgeous Tuna,41.72
93,New Soap,56.98
94,Table,90.34
95,Granite Hat,1.67
96,Steel Cheese,32.01
97,Generic Chair,16.21
98,Incredible Ball,70.45
99,Steel Ball,53.13
100,Towels,32.69
101,Bacon,45.26
102,Ergonomic Plastic Mouse,24.2
103,Metal Hat,45.19
104,Gorgeous Granite Chicken,77.03
105,Gorgeous Steel Sausages,56.72
106,Steel Bike,50.71
107,Handmade Steel Ball,80.81
108,Fish,31.67
109,Licensed Frozen Chips,84.34
110,For repair Fish,14.08
111,Metal Chips,86.16
112,Chicken,23.78
113,Practical Fish,1.25
114,Table,71.51
115,Bike,57.47
116,Concrete Ball,81.7
117,Car,87.3
118,Fresh Salad,83.57
119,Generic Granite Shirt,56.65
120,Steel Bike,42.43
121,Small Steel Pizza,49.96
122,Generic Chair,14.66
123,Metal Chicken,69.57
124,Metal Towels,62.37
125,Gently Used Pants,4.89
126,Sleek Frozen Pants,73.99
127,Handcrafted Computer,30.37
128,Ergonomic Bike,54.55
129,Ergonomic Wooden Ball,70.25
130,Steel Shoes,53.23
131,Small Tuna,6.35
132,Sausages,64.8
133,For repair Pants,49.48
134,Wooden Sausages,89.11
135,Ball,26.38
136,Handcrafted Chips,99.21
137,Soap,3.53
138,Awesome Steel Bacon,22.0
139,Intelligent Salad,89.57
140,Generic Granite Bacon,56.81
141,Awesome Metal Keyboard,9.33
142,Unbranded Concrete Sausages,91.82
143,Gently Used Ball,76.46
144,Gloves,95.32
145,Unbranded Cotton Gloves,33.73
146,Frozen Soap,28.28
147,Gently Used Shoes,17.97
148,Fantastic Car,81.32
149,Rubber Salad,48.04
150,Unbranded Metal Ball,53.49
151,Steel Chair,65.54
152,Mouse,48.18
153,Fresh Chips,65.15
154,Small Plastic Gloves,32.21
155,Frozen Mouse,98.87
156,Hat,86.07
157,Rubber Chips,59.79
158,Shirt,47.4
159,Sleek Fish,37.14
160,Refined Table,9.15
161,Fantastic Rubber Sausages,25.61
162,Fish,1.98
163,New Shirt,80.41
164,Frozen Chair,64.67
165,Handcrafted Cheese,2.92
166,Salad,94.5
167,Handcrafted Steel Ball,33.4
168,Cotton Pants,53.14
169,Keyboard,4.7
170,Steel Keyboard,45.0
171,Practical Sausages,95.78
172,Chips,62.25
173,Sleek Wooden Fish,29.45
174,New Soft Shoes,22.25
175,Sausages,52.58
176,Awesome Hat,7.45
177,Bacon,23.63
178,Soap,71.12
179,Unbranded Car,43.84
180,Tasty Shoes,63.57
181,Chicken,99.0
182,For repair Table,17.66
183,Incredible Chips,56.17
184,Chicken,18.11
185,Ergonomic Cheese,56.18
186,Ball,84.58
187,Fantastic Bike,76.21
188,Metal Sausages,93.82
189,Frozen Chips,63.94
190,Concrete Keyboard,38.52
191,Handcrafted Plastic Chair,31.03
192,Handcrafted Pizza,42.95
193,Fish,43.7
194,Handcrafted Cotton Tuna,37.63
195,Awesome Chips,6.93
196,Tasty Shoes,19.21
197,Small Computer,28.83
198,Wooden Towels,32.53
199,Gorgeous Pants,37.36
200,Computer,51.26
201,New Hat,83.9
202,Chicken,3.52
203,Gloves,28.22
204,Gloves,25.55
205,Wooden Salad,3.14
206,Incredible Ball,63.82
207,Generic Shirt,86.1
208,Unbranded Pizza,61.73
209,Frozen Shirt,50.57
210,Fantastic Table,31.75
211,For repair Metal Car,73.85
212,Practical Rubber Ball,72.91
213,Fantastic Plastic Table,27.12
214,Mouse,3.67
215,Tuna,96.94
216,Concrete Chair,17.93
217,Salad,81.99
218,Granite Pizza,50.19
219,Car,59.58
220,Licensed Shirt,48.82
221,Ergonomic Towels,6.06
222,Shirt,22.69
223,Car,73.0
224,Shirt,8.87
225,Handcrafted Fresh Chips,31.5
226,Wooden Soap,87.95
227,Tasty Cheese,41.42
228,Small Keyboard,73.89
229,Intelligent Granite Tuna,53.54
230,Handcrafted Bike,63.35
231,Awesome Soft Car,54.69
232,Gently Used Soft Computer,67.04
233,Salad,84.55
234,Soft Tuna,1.98
235,Cheese,80.61
236,Intelligent Table,39.63
237,Rustic Plastic Computer,31.81
238,Used Rubber Mouse,53.29
239,Chips,23.83
240,Fantastic Pants,42.04
241,Unbranded Soap,32.94
242,Used Frozen Keyboard,69.58
243,Generic Cotton Mouse,79.0
244,Wooden Shoes,50.34
245,Generic Bike,15.7
246,Frozen Pants,92.59
247,Ball,48.0
248,Unbranded Chair,89.72
249,Gently Used Computer,97.67
250,Cotton Soap,1.98
251,Fantastic Soft Gloves,64.29
252,Pizza,54.64
253,Incredible Concrete Chips,10.07
254,Keyboard,86.45
255,Frozen Pizza,90.26
256,Gorgeous Fresh Shoes,84.75
257,Refined Chips,76.18
258,Wooden Pizza,75.0
259,Handcrafted Wooden Salad,79.89
260,Frozen Fish,48.62
261,Ergonomic Ball,86.34
262,Wooden Computer,79.5
263,Intelligent Computer,86.96
264,Soft Fish,11.65
265,Cotton Chicken,39.3
266,Keyboard,39.33
267,Shirt,78.51
268,For repair Metal Towels,65.34
269,Cotton Pants,51.54
270,Practical Fresh Pizza,22.0
271,Car,51.32
272,Practical Granite Soap,37.0
273,Used Metal Table,37.47
274,Refined Rubber Chair,45.99
275,For repair Chair,12.77
276,Metal Pants,66.05
277,Pizza,73.72
278,For repair Steel Chicken,13.53
279,Rubber Soap,96.11
280,Hat,29.32
281,Gorgeous Concrete Sausages,59.56
282,Tasty Hat,54.09
283,Refined Chicken,87.72
284,Small Steel Hat,5.05
285,Refined Pizza,14.45
286,Cotton Shoes,60.81
287,Tuna,97.86
288,Gloves,45.74
289,Gloves,21.69
290,Fantastic Towels,33.36
291,Refined Salad,18.98
292,Tuna,91.96
293,Ergonomic Granite Chair,11.03
294,Unbranded Keyboard,83.54
295,Licensed Car,97.75
296,Sausages,61.89
297,Rustic Salad,13.64
298,Intelligent Car,65.21
299,Rubber Bike,46.91
300,Refined Metal Gloves,15.83
301,Bike,57.47
302,Generic Rubber Pants,3.15
303,Handcrafted Rubber Keyboard,49.31
304,Used Tuna,17.96
305,Small Rubber Table,65.85
306,Steel Chicken,42.58
307,Tasty Shoes,20.6
308,Used Granite Bike,13.4
309,Small Concrete Mouse,14.63
310,Small Soft Hat,70.53
311,Tasty Granite Keyboard,99.77
312,Gorgeous Wooden Chips,46.31
313,Soft Ball,90.83
314,Table,94.67
315,Licensed Bacon,33.75
316,Sleek Sausages,63.43
317,Tuna,60.58
318,Keyboard,74.79
319,Gloves,77.68
320,Handmade Steel Car,24.72
321,Gorgeous Soft Ball,4.64
322,Cotton Sausages,38.48
323,Gloves,52.25
324,Small Steel Pants,46.57
325,Tasty Hat,30.83
326,Unbranded Plastic Chicken,62.24
327,Soft Hat,3.24
328,Awesome Cotton Tuna,47.42
329,Rustic Cheese,82.02
330,Gloves,2.19
331,Intelligent Fish,71.68
332,Handmade Wooden Computer,11.2
333,Granite Computer,47.12
334,Wooden Car,41.95
335,Refined Cotton Computer,86.74
336,Soap,96.75
337,Practical Fresh Table,26.18
338,Small Pants,52.34
339,Ball,13.74
340,Cotton Soap,42.18
341,Rubber Pizza,65.53
342,Pizza,19.86
343,Gorgeous Fish,92.21
344,Gloves,19.33
345,Gently Used Plastic Tuna,10.45
346,Incredible Metal Cheese,87.67
347,Practical Steel Chicken,76.09
348,Unbranded Cotton Gloves,83.55
349,Steel Pants,53.33
350,Refined Soft Pants,47.73
351,Metal Bike,22.34
352,Handmade Tuna,49.15
353,Practical Keyboard,84.33
354,Rubber Shirt,89.64
355,Unbranded Concrete Shirt,54.4
356,Frozen Chips,73.54
357,Unbranded Computer,84.95
358,For repair Cotton Bacon,44.91
359,Metal Computer,38.03
360,Gorgeous Keyboard,33.44
361,Sleek Soap,25.0
362,Frozen Keyboard,64.3
363,Sausages,81.35
364,Ergonomic Salad,8.34
365,Shirt,68.33
366,Licensed Metal Pants,47.9
367,Unbranded Metal Computer,12.96
368,Chair,75.24
369,Small Chicken,23.67
370,Incredible Concrete Tuna,29.82
371,Gloves,5.37
372,Handmade Fish,21.81
373,Used Soft Computer,60.04
374,Shirt,96.98
375,Plastic Gloves,78.87
376,Tuna,38.31
377,Wooden Ball,57.14
378,New Fresh Keyboard,6.06
379,Used Wooden Car,3.22
380,Handmade Soap,7.79
381,Soft Ball,13.95
382,For repair Computer,5.32
383,Soap,73.3
384,Used Plastic Fish,32.94
385,For repair Rubber Table,69.47
386,New Metal Cheese,37.37
387,Small Shirt,12.57
388,Gloves,99.97
389,Used Cheese,34.92
390,Plastic Sausages,91.24
391,Soft Car,29.06
392,Refined Frozen Chips,39.89
393,Table,52.77
394,Practical Plastic Shoes,22.69
395,Concrete Car,39.28
396,Handmade Cotton Towels,28.52
397,Tuna,33.43
398,Fresh Towels,4.14
399,Steel Tuna,52.89
400,Tasty Wooden Chair,74.91
401,Soap,2.65
402,Used Plastic Keyboard,61.76
403,Concrete Shirt,86.06
404,Pants,50.02
405,Small Chips,52.93
406,Handcrafted Bike,95.79
407,Gloves,74.14
408,Gently Used Rubber Keyboard,96.89
409,Fantastic Computer,95.97
410,Plastic Fish,82.05
411,Cotton Pants,20.28
412,Refined Cotton Table,14.87
413,Licensed Keyboard,75.49
414,Gently Used Steel Hat,43.76
415,Refined Sausages,86.49
416,Incredible Bacon,75.13
417,Rubber Chair,41.01
418,Soft Sausages,73.4
419,Fresh Chair,84.13
420,Chips,24.73
421,Incredible Wooden Bike,13.88
422,Tasty Frozen Cheese,17.05
423,Gently Used Plastic Keyboard,40.53
424,Practical Shoes,24.36
425,Hat,20.24
426,Frozen Salad,76.38
427,New Salad,7.25
428,Incredible Cotton Cheese,83.63
429,Licensed Soft Shoes,12.17
430,Shirt,79.09
431,Wooden Shoes,62.57
432,Concrete Cheese,13.0
433,Pizza,44.91
434,Concrete Tuna,53.74
435,Handmade Table,56.01
436,Wooden Bike,52.27
437,Awesome Plastic Salad,65.0
438,Incredible Wooden Fish,97.93
439,Shirt,31.06
440,New Mouse,40.81
441,Intelligent Frozen Car,88.37
442,Tuna,53.79
443,Cotton Bacon,8.12
444,Steel Bacon,77.66
445,Soft Cheese,84.91
446,Hat,46.8
447,Rubber Bacon,87.04
448,Frozen Chips,86.4
449,Sleek Chicken,84.98
450,Incredible Sausages,57.73
451,Salad,70.29
452,Licensed Sausages,25.68
453,Incredible Salad,72.0
454,Fantastic Sausages,3.46
455,Wooden Gloves,61.79
456,Table,2.14
457,Tasty Mouse,11.29
458,Gorgeous Concrete Fish,93.61
459,Bike,61.4
460,Fantastic Steel Shoes,25.34
461,For repair Cotton Towels,68.99
462,Handmade Soap,57.48
463,Chair,51.58
464,Metal Computer,32.69
465,Pants,15.38
466,Gorgeous Sausages,99.29
467,Practical Car,20.31
468,Licensed Wooden Bike,13.0
469,Sleek Rubber Table,21.46
470,Tasty Wooden Fish,60.14
471,Handmade Cheese,77.89
472,Used Concrete Pizza,53.42
473,Towels,7.94
474,Soft Cheese,73.41
475,Licensed Frozen Table,90.27
476,Ball,88.66
477,Intelligent Granite Chips,86.4
478,Gorgeous Bike,32.11
479,Incredible Granite Shirt,95.28
480,Soft Gloves,82.66
481,Handcrafted Shoes,29.48
482,Generic Towels,78.73
483,Practical Hat,47.79
484,Granite Ball,53.6
485,Soft Pants,77.96
486,Frozen Shoes,18.83
487,Handcrafted Chicken,37.1
488,Small Frozen Pants,33.41
489,Hat,33.55
490,Used Wooden Bike,61.92
491,Gorgeous Rubber Car,87.82
492,Handmade Mouse,62.08
493,Table,68.24
494,Shirt,9.03
495,Gorgeous Sausages,66.94
496,Licensed Tuna,93.56
497,Keyboard,51.55
498,Small Concrete Bacon,53.54
499,Chicken,87.79
500,Awesome Cheese,21.31
501,Plastic Bacon,58.35
502,Concrete Tuna,38.43
503,Cheese,16.5
504,Metal Shirt,43.92
505,Sleek Bike,13.42
506,Soft Table,67.53
507,Sleek Fish,64.86
508,Unbranded Granite Sausages,88.13
509,Shirt,26.38
510,Sleek Plastic Pants,45.24
511,Gently Used Chair,30.4
512,Intelligent Plastic Chips,65.25
513,Computer,70.43
514,Rustic Pizza,89.86
515,Granite Gloves,12.4
516,Licensed Wooden Soap,77.36
517,Refined Wooden Pizza,56.6
518,Practical Concrete Bacon,5.4
519,New Granite Soap,14.5
520,Sausages,3.77
521,Soap,7.15
522,Gorgeous Concrete Pants,77.17
523,Practical Chair,87.19
524,Awesome Sausages,49.82
525,Frozen Shirt,47.35
526,Soap,93.05
527,Shoes,69.1
528,Unbranded Fresh Salad,42.84
529,Gently Used Soft Chicken,71.89
530,Tasty Rubber Soap,46.9
531,Refined Chips,47.84
532,Tasty Ball,10.42
533,Keyboard,34.22
534,Plastic Hat,4.04
535,For repair Plastic Sausages,5.11
536,Ergonomic Metal Keyboard,22.8
537,Tasty Metal Sausages,83.47
538,Soft Towels,84.94
539,Incredible Cotton Towels,83.35
540,Chicken,82.58
541,Pizza,67.17
542,Practical Concrete Fish,50.65
543,Ergonomic Shoes,56.62
544,Used Granite Sausages,5.58
545,For repair Tuna,13.85
546,Chair,59.47
547,Plastic Keyboard,43.08
548,Chips,96.28
549,Frozen Pants,91.95
550,Soft Cheese,43.16
551,Intelligent Concrete Chips,26.12
552,Intelligent Rubber Fish,86.89
553,Licensed Computer,47.51
554,Wooden Soap,93.29
555,Gloves,28.14
556,Mouse,33.71
557,Handmade Pants,28.11
558,Fresh Ball,34.12
559,Salad,57.21
560,Frozen Cheese,96.14
561,For repair Chips,9.82
562,Gorgeous Pizza,7.57
563,For repair Granite Shirt,38.03
564,Mouse,65.15
565,Gloves,35.45
566,Frozen Computer,38.94
567,New Gloves,49.16
568,Bacon,89.97
569,Frozen Gloves,13.66
570,For repair Granite Shoes,55.6
571,Fantastic Concrete Pizza,78.17
572,Generic Gloves,37.51
573,Metal Chair,2.4
574,Steel Hat,70.03
575,Plastic Hat,18.35
576,Ergonomic Chips,41.95
577,Steel Chicken,59.47
578,Tasty Rubber Cheese,76.75
579,Incredible Wooden Table,43.88
580,Metal Chips,44.41
581,Licensed Chips,81.85
582,New Mouse,78.68
583,Cotton Cheese,99.05
584,Tuna,87.34
585,Chicken,73.96
586,Plastic Chicken,31.51
587,Concrete Table,54.84
588,Bacon,28.69
589,Soap,60.6
590,Practical Soap,69.56
591,Rustic Table,82.47
592,Fish,87.55
593,Steel Fish,10.27
594,Fantastic Shoes,75.7
595,Refined Concrete Salad,69.43
596,Frozen Mouse,60.43
597,Rustic Frozen Keyboard,23.36
598,Plastic Sausages,44.74
599,Keyboard,36.99
600,Handmade Metal Towels,81.84
601,Incredible Pants,22.25
602,Salad,17.2
603,Small Shirt,6.51
604,Pizza,67.8
605,Cotton Chips,8.28
606,Keyboard,70.64
607,Mouse,7.43
608,Tasty Computer,83.98
609,Tasty Concrete Gloves,83.79
610,Licensed Ball,86.66
611,Steel Chips,95.46
612,Table,77.62
613,Rubber Keyboard,31.29
614,Steel Soap,87.34
615,Cheese,78.56
616,Licensed Keyboard,52.61
617,Rustic Tuna,30.26
618,Handmade Plastic Shirt,68.28
619,Unbranded Soap,10.1
620,Ball,11.01
621,Cheese,67.56
622,Used Soft Hat,58.26
623,Computer,27.71
624,Metal Fish,85.2
625,Rubber Soap,13.56
626,Practical Computer,89.51
627,Generic Plastic Mouse,9.39
628,Bacon,83.45
629,New Granite Bacon,75.11
630,Licensed Plastic Bike,91.39
631,Towels,45.38
632,Computer,16.82
633,Ball,97.86
634,Wooden Keyboard,38.28
635,Sleek Granite Bacon,89.61
636,Fantastic Metal Towels,80.3
637,Wooden Hat,98.52
638,Sleek Shirt,99.14
639,Granite Soap,24.03
640,Chips,56.85
641,Gloves,36.57
642,Frozen Mouse,32.41
643,Tasty Wooden Hat,62.23
644,Awesome Cheese,81.55
645,Chicken,39.88
646,Sleek Steel Shirt,28.51
647,Table,2.31
648,Used Frozen Cheese,28.87
649,Unbranded Rubber Table,63.88
650,Rustic Keyboard,92.08
651,Tasty Chips,13.61
652,Used Metal Bike,50.17
653,Ball,67.72
654,Metal Chair,40.47
655,Tasty Ball,9.52
656,Gorgeous Shirt,65.15
657,Concrete Chicken,27.41
658,Used Shirt,40.01
659,Sleek Shoes,61.33
660,Used Granite Shirt,3.58
661,Awesome Cotton Keyboard,38.56
662,Hat,42.76
663,Chips,93.74
664,Practical Shoes,99.63
665,Steel Pizza,77.05
666,Rubber Shirt,85.26
667,Handmade Tuna,36.08
668,Table,79.51
669,Gloves,73.97
670,Practical Steel Sausages,54.77
671,Gorgeous Wooden Sausages,95.68
672,Practical Ball,43.43
673,Intelligent Plastic Tuna,32.87
674,Refined Shirt,46.12
675,Small Shirt,60.89
676,New Fresh Pizza,56.43
677,Refined Wooden Hat,89.83
678,Generic Soap,75.05
679,Granite Chair,43.95
680,Handmade Bacon,48.98
681,Used Chair,4.11
682,Licensed Bacon,24.25
683,Hat,2.12
684,Handmade Pants,58.25
685,Tasty Concrete Soap,11.15
686,Fantastic Pants,29.15
687,Concrete Shirt,66.03
688,Sleek Table,78.0
689,Pizza,10.07
690,Rustic Soft Cheese,17.47
691,Soft Pants,18.15
692,New Plastic Chair,72.45
693,Refined Frozen Chair,29.52
694,Tasty Cotton Keyboard,97.19
695,Handcrafted Bike,58.65
696,Practical Bike,45.66
697,Bike,16.97
698,For repair Fresh Chair,13.94
699,Plastic Sausages,93.76
700,Gently Used Fresh Mouse,15.83
701,Metal Mouse,76.76
702,Used Rubber Chair,77.06
703,Gently Used Frozen Cheese,7.4
704,Cheese,17.96
705,New Fresh Chips,20.42
706,Small Sausages,71.3
707,Rustic Pants,41.53
708,For repair Rubber Chips,11.55
709,Fish,7.16
710,Granite Shoes,56.07
711,Tasty Shirt,63.35
712,Metal Chips,63.65
713,Practical Granite Mouse,49.95
714,Practical Steel Soap,2.17
715,Plastic Hat,82.19
716,New Soap,90.13
717,Fish,24.62
718,Soft Table,11.09
719,Practical Salad,68.61
720,Frozen Towels,38.05
721,Frozen Ball,75.23
722,Practical Metal Mouse,77.37
723,Handcrafted Hat,63.9
724,Practical Hat,80.55
725,Pizza,97.21
726,Used Granite Bacon,39.58
727,Soft Mouse,87.71
728,Frozen Fish,15.56
729,Handcrafted Metal Towels,95.08
730,Wooden Chicken,41.49
731,Fresh Mouse,31.8
732,Pizza,74.78
733,Bike,90.42
734,Frozen Tuna,34.34
735,Intelligent Chips,43.96
736,Tasty Granite Soap,75.58
737,Licensed Plastic Tuna,39.79
738,Tasty Sausages,75.61
739,Tasty Rubber Table,16.47
740,Tasty Steel Shirt,99.56
741,Generic Fresh Pizza,20.31
742,Ergonomic Cotton Chips,69.09
743,Handcrafted Ball,6.06
744,Granite Mouse,31.81
745,Cotton Chair,52.13
746,Sausages,69.8
747,Practical Metal Fish,98.39
748,New Rubber Keyboard,96.65
749,Wooden Fish,78.95
750,Ball,21.35
751,Gloves,92.87
752,Table,1.08
753,Granite Gloves,68.07
754,Rubber Hat,15.73
755,Fish,29.6
756,Soft Pants,78.65
757,Shoes,13.19
758,Granite Shirt,57.15
759,Sleek Fresh Keyboard,62.38
760,Gorgeous Wooden Pizza,37.65
761,Metal Cheese,77.8
762,Gently Used Cotton Keyboard,90.32
763,Unbranded Pants,22.61
764,Fresh Mouse,57.03
765,Keyboard,72.93
766,Rubber Chips,63.18
767,Practical Tuna,34.41
768,Generic Plastic Towels,76.17
769,Sleek Granite Table,45.45
770,Small Soap,26.02
771,Wooden Cheese,8.38
772,Fantastic Frozen Chicken,73.03
773,Salad,60.17
774,Plastic Mouse,82.12
775,Wooden Pizza,44.52
776,New Concrete Table,68.83
777,Ergonomic Sausages,48.22
778,Gloves,3.91
779,Gorgeous Steel Towels,55.08
780,Frozen Mouse,40.96
781,Unbranded Shirt,30.83
782,Rubber Mouse,93.98
783,Awesome Mouse,77.98
784,Gorgeous Rubber Towels,25.85
785,Rubber Pants,35.73
786,Soft Pants,43.34
787,Tasty Table,33.12
788,Pizza,36.13
789,Small Keyboard,88.0
790,New Sausages,47.36
791,Granite Bacon,22.13
792,Sleek Shoes,1.43
793,Handcrafted Rubber Bacon,84.06
794,Rustic Concrete Keyboard,95.33
795,Practical Hat,67.62
796,Awesome Steel Soap,45.85
797,Soft Fish,41.62
798,Fish,53.73
799,Awesome Towels,89.27
800,Handcrafted Chips,79.91
801,Keyboard,35.75
802,Frozen Keyboard,10.54
803,Car,99.93
804,Tasty Chips,57.98
805,Plastic Bike,15.59
806,Handcrafted Concrete Car,98.74
807,Generic Cotton Chair,68.02
808,Fish,22.16
809,Concrete Shirt,83.17
810,Incredible Rubber Hat,35.84
811,Frozen Fish,19.37
812,Gently Used Granite Chips,1.67
813,Rubber Mouse,94.42
814,New Mouse,12.73
815,Small Chair,38.38
816,For repair Gloves,17.12
817,Mouse,23.07
818,Handcrafted Steel Hat,80.22
819,Metal Sausages,42.12
820,Metal Computer,46.22
821,Cheese,94.26
822,Handcrafted Fresh Mouse,9.09
823,Chair,38.04
824,Used Soap,47.98
825,Fresh Table,68.65
826,New Cheese,10.25
827,Ball,7.57
828,Gently Used Chips,85.31
829,For repair Cheese,89.79
830,Chips,66.57
831,Gently Used Sausages,40.9
832,Pizza,96.81
833,Fantastic Chicken,10.36
834,For repair Tuna,60.99
835,Sleek Hat,66.86
836,Chicken,22.28
837,Bike,73.53
838,Towels,51.99
839,Awesome Frozen Gloves,51.91
840,Keyboard,56.47
841,Steel Fish,48.87
842,Mouse,83.59
843,Incredible Shirt,75.15
844,Practical Bacon,90.55
845,Steel Chips,84.44
846,Intelligent Computer,47.45
847,Shoes,92.03
848,Hat,64.12
849,Licensed Frozen Sausages,36.23
850,Ball,51.11
851,Rustic Bacon,51.18
852,Handmade Bike,74.92
853,Wooden Keyboard,19.79
854,Unbranded Fresh Car,61.42
855,Awesome Cheese,45.06
856,Towels,3.74
857,Rubber Table,21.08
858,Awesome Computer,14.1
859,Intelligent Granite Pizza,88.18
860,Computer,12.36
861,Wooden Shirt,69.95
862,Incredible Gloves,27.11
863,Small Pizza,64.12
864,Hat,14.15
865,Fantastic Chips,89.32
866,Car,68.91
867,Intelligent Hat,7.35
868,Gorgeous Salad,1.43
869,Small Wooden Keyboard,62.09
870,Incredible Wooden Soap,76.91
871,Gloves,58.18
872,Sleek Bacon,40.81
873,Fish,55.83
874,Awesome Steel Chair,86.75
875,Handcrafted Concrete Chicken,93.75
876,Keyboard,91.45
877,New Cotton Hat,64.37
878,Soft Computer,32.73
879,Ball,11.49
880,Practical Computer,57.28
881,Metal Sausages,98.65
882,Awesome Sausages,1.88
883,Gorgeous Rubber Gloves,34.05
884,Generic Fish,23.58
885,Gently Used Chips,47.35
886,Gently Used Granite Gloves,59.77
887,Awesome Hat,47.02
888,Unbranded Computer,66.2
889,Fantastic Keyboard,58.61
890,Gently Used Keyboard,77.65
891,Frozen Gloves,84.14
892,Frozen Car,54.44
893,New Shoes,17.66
894,Unbranded Pizza,30.97
895,Gorgeous Pizza,31.5
896,Rubber Mouse,9.68
897,Fantastic Rubber Chips,27.54
898,Small Gloves,74.38
899,Gently Used Rubber Computer,66.63
900,Wooden Shoes,70.38
901,Gloves,80.9
902,Chair,13.48
903,Hat,42.99
904,Salad,24.76
905,Awesome Fish,30.97
906,Cheese,81.38
907,Used Shirt,4.32
908,Granite Chair,73.29
909,Fantastic Car,61.89
910,Fantastic Frozen Ball,17.62
911,Awesome Salad,97.11
912,Pants,35.78
913,Ergonomic Soft Sausages,99.51
914,Used Chips,33.75
915,Gently Used Fresh Soap,21.44
916,Tasty Cotton Car,58.01
917,Unbranded Keyboard,60.16
918,Shirt,58.97
919,Hat,25.12
920,Handcrafted Plastic Shirt,56.44
921,Small Computer,30.3
922,Awesome Wooden Fish,8.3
923,New Fresh Bike,51.7
924,Pants,90.68
925,New Granite Chair,23.82
926,Practical Frozen Pizza,50.45
927,Wooden Keyboard,18.1
928,Shoes,1.02
929,Frozen Salad,82.31
930,Cheese,12.47
931,Computer,21.59
932,Frozen Fish,80.01
933,Used Pizza,23.8
934,For repair Computer,12.85
935,Rubber Pizza,2.24
936,Incredible Towels,81.66
937,Pizza,7.74
938,Gloves,42.05
939,Wooden Ball,3.24
940,Towels,78.19
941,For repair Rubber Salad,80.77
942,Granite Chips,79.6
943,Fish,54.18
944,Unbranded Cotton Pizza,80.94
945,Handcrafted Fresh Computer,18.14
946,Steel Pizza,93.27
947,Awesome Tuna,65.21
948,Gorgeous Pizza,89.09
949,Salad,27.44
950,Intelligent Sausages,49.44
951,Hat,9.14
952,Incredible Granite Towels,70.53
953,Handmade Steel Computer,1.34
954,Soap,83.23
955,Keyboard,88.56
956,Keyboard,87.07
957,Metal Chair,86.74
958,Unbranded Ball,35.58
959,Concrete Mouse,38.05
960,Sleek Steel Chips,70.31
961,Shoes,29.89
962,Car,31.5
963,Frozen Ball,66.45
964,Frozen Cheese,53.51
965,Rubber Tuna,96.72
966,Fantastic Car,21.11
967,Gorgeous Wooden Shoes,26.13
968,Generic Steel Chicken,5.4
969,Gloves,14.04
970,Ball,27.56
971,Fish,99.89
972,New Soft Ball,99.77
973,Generic Soft Car,72.71
974,Metal Ball,74.09
975,Used Shoes,5.21
976,Mouse,22.23
977,Handmade Cotton Shoes,19.62
978,Incredible Wooden Shirt,21.17
979,Gloves,25.01
980,Generic Granite Shoes,45.13
981,Rustic Table,66.57
982,Awesome Metal Salad,40.16
983,Incredible Wooden Shirt,35.24
984,Towels,59.98
985,Soft Pants,21.45
986,Tasty Cotton Table,60.67
987,Granite Chicken,2.04
988,Granite Hat,78.78
989,Sleek Keyboard,75.85
990,Handcrafted Rubber Ball,14.93
991,Gloves,97.27
992,Steel Gloves,92.03
993,Handcrafted Cotton Shoes,35.4
994,Licensed Cotton Gloves,87.91
995,Tasty Tuna,55.8
996,Keyboard,57.0
997,Intelligent Shoes,97.87
998,Used Sausages,73.19
999,Ergonomic Hat,63.19
1000,Soft Fish,1.91
1001,Fresh Ball,45.92
1002,Wooden Shirt,18.62
1003,For repair Concrete Chicken,68.75
1004,New Hat,28.82
1005,Incredible Granite Cheese,96.26
1006,Licensed Salad,22.4
1007,Gorgeous Ball,88.25
1008,Soft Chips,10.03
1009,Cotton Chicken,73.35
1010,Towels,67.1
1011,Small Metal Soap,53.8
1012,Wooden Chair,46.5
1013,Wooden Salad,15.25
1014,Cheese,50.17
1015,Awesome Computer,9.71
1016,Mouse,60.17
1017,Granite Mouse,36.45
1018,Unbranded Wooden Car,96.96
1019,Cheese,49.08
1020,Chips,3.98
1021,Sausages,23.13
1022,Cotton Chair,36.02
1023,Handmade Salad,90.71
1024,Steel Pizza,52.65
1025,Handcrafted Frozen Chicken,64.33
1026,Chair,20.26
1027,Shirt,81.34
1028,Car,99.7
1029,Fish,63.72
1030,Awesome Plastic Mouse,83.86
1031,Incredible Computer,79.31
1032,Awesome Metal Chair,75.24
1033,Incredible Soft Hat,27.26
1034,Unbranded Computer,44.76
1035,Salad,97.58
1036,Shirt,66.7
1037,Gorgeous Chips,91.87
1038,Table,40.67
1039,Gorgeous Soft Cheese,41.12
1040,Intelligent Mouse,61.91
1041,Table,83.95
1042,Bike,26.07
1043,Frozen Shoes,5.18
1044,Refined Concrete Chips,33.33
1045,Gently Used Plastic Keyboard,52.08
1046,Soft Computer,16.0
1047,Used Fish,53.71
1048,Rubber Soap,14.97
1049,Cheese,28.45
1050,Rustic Computer,26.93
1051,Rustic Tuna,62.78
1052,Fantastic Soft Shoes,48.2
1053,Used Bike,95.61
1054,Granite Computer,30.16
1055,Practical Bacon,98.4
1056,Soft Hat,22.36
1057,Bike,51.77
1058,Rubber Tuna,36.9
1059,Intelligent Fresh Table,19.55
1060,Metal Soap,67.98
1061,Gently Used Cotton Computer,38.12
1062,For repair Granite Shirt,49.36
1063,Gently Used Granite Computer,96.11
1064,New Tuna,64.02
1065,Handcrafted Steel Ball,68.13
1066,Handcrafted Hat,41.15
1067,Fantastic Pizza,95.64
1068,Used Shoes,53.3
1069,Steel Gloves,77.49
1070,Practical Towels,82.65
1071,Tasty Plastic Tuna,82.47
1072,Fantastic Car,39.73
1073,Fantastic Frozen Gloves,76.03
1074,Table,91.49
1075,Used Concrete Mouse,33.35
1076,Handcrafted Soft Tuna,32.6
1077,Concrete Fish,39.6
1078,Used Soft Chicken,46.09
1079,Mouse,37.0
1080,Plastic Mouse,56.55
1081,Sleek Computer,95.42
1082,Generic Hat,24.32
1083,Generic Cotton Mouse,75.82
1084,Gently Used Metal Towels,65.31
1085,Practical Bacon,49.23
1086,Intelligent Bike,48.63
1087,Generic Keyboard,9.85
1088,Shoes,98.89
1089,Handcrafted Salad,18.77
1090,Metal Ball,12.89
1091,Chicken,74.53
1092,Gloves,87.46
1093,Gently Used Granite Salad,63.44
1094,Handcrafted Granite Pants,12.48
1095,Small Steel Ball,10.85
1096,Sleek Wooden Table,70.87
1097,Gently Used Computer,86.61
1098,Small Concrete Chicken,23.94
1099,Tasty Rubber Soap,15.56
1100,Generic Chicken,23.11
1101,Refined Gloves,11.41
1102,Intelligent Concrete Table,67.12
1103,Practical Plastic Salad,37.44
1104,Steel Ball,87.38
1105,Concrete Mouse,23.7
1106,Frozen Shoes,71.75
1107,Chicken,42.09
1108,Gloves,5.03
1109,Small Towels,47.4
1110,Handmade Chicken,37.12
1111,Used Towels,30.17
1112,Awesome Fresh Soap,55.05
1113,Awesome Plastic Chips,40.63
1114,Intelligent Cheese,94.24
1115,Frozen Gloves,51.66
1116,Refined Table,67.29
1117,Intelligent Fish,48.92
1118,Granite Soap,53.12
1119,Metal Mouse,85.55
1120,Generic Steel Salad,22.69
1121,Chicken,40.76
1122,Shirt,14.72
1123,Frozen Sausages,32.1
1124,Mouse,45.57
1125,Small Soft Towels,69.54
1126,Rubber Computer,46.27
1127,Gorgeous Pants,86.29
1128,Towels,74.38
1129,Tasty Ball,41.47
1130,Sleek Bike,36.15
1131,Keyboard,1.98
1132,Unbranded Steel Chips,78.82
1133,Handmade Frozen Chips,75.22
1134,Concrete Salad,79.54
1135,Awesome Keyboard,13.2
1136,Wooden Sausages,29.7
1137,For repair Car,14.0
1138,Rubber Shirt,95.8
1139,Chips,40.49
1140,Gorgeous Concrete Bacon,78.51
1141,Practical Pants,32.72
1142,Ergonomic Towels,95.12
1143,Pizza,99.92
1144,Awesome Car,44.47
1145,Steel Chair,45.46
1146,Table,41.41
1147,Metal Table,70.65
1148,Used Shirt,1.93
1149,Computer,99.83
1150,Shoes,92.54
1151,Plastic Keyboard,22.02
1152,Ball,46.95
1153,Pizza,62.13
1154,Fantastic Steel Keyboard,91.72
1155,Car,53.65
1156,New Shirt,40.2
1157,Granite Table,15.87
1158,Soft Tuna,19.93
1159,Wooden Chicken,56.58
1160,Keyboard,59.27
1161,Licensed Towels,23.39
1162,Incredible Rubber Chair,11.33
1163,Shoes,87.14
1164,Intelligent Towels,84.86
1165,Handcrafted Wooden Chicken,81.49
1166,Chair,50.86
1167,Plastic Computer,55.56
1168,Soap,25.88
1169,Licensed Gloves,27.59
1170,Sleek Car,96.86
1171,Pizza,79.63
1172,Practical Wooden Table,30.82
1173,Generic Sausages,59.82
1174,Cheese,82.46
1175,Steel Cheese,16.12
1176,Plastic Pants,89.95
1177,Chicken,3.8
1178,Chicken,13.5
1179,For repair Cotton Table,11.91
1180,Incredible Steel Shoes,45.16
1181,Sleek Ball,85.93
1182,Bike,29.54
1183,Licensed Steel Shoes,27.56
1184,Sausages,53.88
1185,Wooden Towels,78.62
1186,Granite Chair,1.9
1187,Soft Table,8.89
1188,Wooden Chips,21.93
1189,For repair Sausages,32.62
1190,Fantastic Sausages,33.53
1191,Shirt,91.6
1192,Handmade Plastic Pizza,36.81
1193,Incredible Shoes,21.64
1194,Refined Fresh Table,14.63
1195,New Steel Shirt,12.76
1196,Incredible Granite Mouse,88.84
1197,Incredible Tuna,18.87
1198,Small Ball,4.01
1199,Computer,61.26
1200,Chicken,84.23
1201,Mouse,79.16
1202,Gorgeous Concrete Car,18.06
1203,Fantastic Salad,59.27
1204,Steel Mouse,52.47
1205,Awesome Soft Shoes,27.49
1206,Handcrafted Steel Shoes,70.94
1207,Cotton Hat,40.76
1208,Metal Cheese,49.22
1209,Tasty Cotton Computer,90.04
1210,Ball,76.7
1211,Rustic Hat,81.66
1212,Concrete Sausages,89.39
1213,Ball,80.57
1214,Fresh Fish,78.61
1215,Computer,58.01
1216,Keyboard,26.51
1217,Plastic Hat,6.64
1218,Gloves,71.89
1219,Tuna,39.37
1220,Practical Soft Computer,80.51
1221,Plastic Chips,65.96
1222,Handmade Fish,81.34
1223,Rustic Granite Soap,89.04
1224,Refined Mouse,68.51
1225,Towels,52.73
1226,Shoes,75.84
1227,Small Bike,47.48
1228,Shirt,3.43
1229,Tasty Cotton Soap,25.92
1230,Rustic Plastic Salad,1.2
1231,Rustic Rubber Ball,50.17
1232,Handmade Cheese,6.92
1233,Wooden Bike,65.77
1234,Salad,26.92
1235,Concrete Sausages,96.26
1236,Cheese,71.41
1237,Frozen Mouse,51.45
1238,Practical Plastic Pants,37.84
1239,Gloves,85.48
1240,Shoes,78.5
1241,Table,28.43
1242,New Gloves,45.42
1243,Tuna,95.04
1244,Licensed Salad,83.04
1245,Fresh Bacon,12.14
1246,Salad,84.19
1247,Practical Granite Table,43.66
1248,Refined Metal Cheese,72.31
1249,Tuna,33.99
1250,Incredible Plastic Gloves,25.66
1251,Handmade Concrete Shoes,69.59
1252,Mouse,95.2
1253,Plastic Sausages,58.9
1254,Soap,24.62
1255,Fresh Shoes,8.36
1256,Used Steel Shoes,67.8
1257,Small Concrete Hat,25.29
1258,Rubber Chips,6.69
1259,Ergonomic Granite Soap,85.05
1260,Fish,44.58
1261,Bacon,44.75
1262,Licensed Shoes,82.53
1263,Sleek Bacon,34.17
1264,Handcrafted Cotton Ball,26.32
1265,Steel Car,51.69
1266,Soft Pants,56.16
1267,Bike,7.25
1268,For repair Soft Towels,88.46
1269,Concrete Ball,53.71
1270,Handmade Rubber Mouse,72.35
1271,Practical Frozen Pants,77.24
1272,Metal Car,69.63
1273,Licensed Concrete Gloves,77.78
1274,Cheese,24.22
1275,Small Soft Towels,97.71
1276,New Fish,61.84
1277,Rubber Pizza,55.9
1278,New Metal Tuna,43.36
1279,Granite Shoes,23.31
1280,Metal Chips,71.04
1281,Handmade Shoes,79.64
1282,Used Frozen Car,63.13
1283,Mouse,71.67
1284,Concrete Shirt,9.73
1285,Small Salad,25.77
1286,Chips,27.62
1287,Pants,66.61
1288,Rubber Cheese,2.35
1289,Awesome Cheese,99.63
1290,Gorgeous Chips,92.71
1291,Gently Used Pants,70.9
1292,Rubber Chicken,9.98
1293,Handmade Cotton Towels,98.45
1294,Awesome Pants,62.49
1295,Unbranded Pizza,60.97
1296,Metal Chair,84.04
1297,Wooden Bacon,66.5
1298,Steel Gloves,78.47
1299,Ball,67.08
1300,Frozen Towels,52.29
1301,Cotton Pants,87.09
1302,Wooden Shoes,5.4
1303,Pizza,29.74
1304,Ball,36.11
1305,Intelligent Soft Hat,15.92
1306,Intelligent Gloves,90.46
1307,Fresh Hat,16.65
1308,Hat,25.77
1309,Wooden Towels,60.7
1310,Unbranded Soft Car,12.43
1311,Handmade Car,89.3
1312,Incredible Shirt,87.08
1313,Practical Rubber Chicken,57.02
1314,Handcrafted Shoes,82.47
1315,Refined Tuna,88.75
1316,Gorgeous Steel Chicken,68.65
1317,Tasty Wooden Gloves,83.58
1318,Frozen Computer,19.12
1319,New Towels,32.58
1320,Handmade Bacon,2.99
1321,Licensed Chair,83.23
1322,Wooden Chicken,4.28
1323,Rubber Cheese,97.09
1324,Gorgeous Wooden Ball,10.18
1325,Sausages,99.99
1326,Rustic Metal Computer,51.07
1327,Gently Used Concrete Keyboard,52.58
1328,Fantastic Chips,44.76
1329,Intelligent Soap,69.63
1330,Rustic Rubber Ball,36.92
1331,Gently Used Cotton Ball,21.09
1332,Gorgeous Chair,30.79
1333,Intelligent Granite Chicken,13.5
1334,Rustic Shirt,99.39
1335,New Metal Chair,61.64
1336,Chicken,94.06
1337,Small Hat,2.91
1338,Fresh Chicken,92.11
1339,Cotton Chips,96.42
1340,Handmade Cotton Towels,3.69
1341,Awesome Cheese,10.95
1342,Practical Gloves,90.9
1343,Tasty Sausages,8.24
1344,Used Computer,36.17
1345,Practical Frozen Shirt,86.24
1346,Gently Used Soap,62.44
1347,Generic Plastic Computer,54.83
1348,Gorgeous Granite Keyboard,92.79
1349,Metal Salad,56.91
1350,Fresh Sausages,34.38
1351,Granite Shoes,61.49
1352,Unbranded Metal Shirt,33.82
1353,Wooden Towels,27.1
1354,Chicken,91.88
1355,Refined Fresh Hat,97.02
1356,Steel Keyboard,69.11
1357,Handcrafted Wooden Mouse,90.64
1358,Cotton Salad,43.61
1359,Plastic Salad,72.36
1360,Shirt,77.25
1361,Intelligent Fish,3.74
1362,Incredible Plastic Mouse,59.07
1363,Practical Concrete Table,82.41
1364,Tuna,59.68
1365,Tasty Tuna,45.67
1366,Granite Gloves,76.55
1367,Granite Ball,78.34
1368,Rustic Chicken,59.94
1369,Steel Chair,84.74
1370,Computer,59.44
1371,Hat,50.05
1372,Rubber Car,13.89
1373,Licensed Pizza,39.01
1374,Handmade Sausages,20.44
1375,Licensed Table,5.59
1376,Generic Soap,46.99
1377,Steel Gloves,37.69
1378,Chicken,20.33
1379,Cotton Sausages,15.75
1380,Gorgeous Rubber Computer,13.48
1381,Ergonomic Towels,44.62
1382,Sausages,33.24
1383,Small Chips,68.85
1384,Awesome Gloves,76.48
1385,Car,78.92
1386,New Shoes,88.31
1387,Handmade Fish,57.87
1388,For repair Plastic Shoes,88.75
1389,Small Soft Chicken,55.85
1390,For repair Cotton Table,92.7
1391,Used Ball,92.67
1392,Practical Steel Tuna,10.28
1393,Wooden Chair,18.67
1394,Cotton Table,59.74
1395,Handcrafted Cotton Table,66.75
1396,Intelligent Plastic Ball,15.15
1397,Gently Used Steel Ball,65.66
1398,Concrete Shoes,84.6
1399,Gently Used Soft Pizza,41.48
1400,Cotton Tuna,34.72
1401,Intelligent Frozen Keyboard,40.27
1402,Plastic Bike,98.8
1403,Used Computer,71.04
1404,Awesome Computer,30.33
1405,Metal Pizza,75.49
1406,For repair Fresh Car,75.08
1407,Refined Ball,67.74
1408,Metal Towels,67.35
1409,Cheese,71.26
1410,Handcrafted Chicken,13.73
1411,Intelligent Gloves,50.86
1412,For repair Rubber Gloves,55.23
1413,Shoes,96.2
1414,Awesome Metal Shoes,43.65
1415,For repair Concrete Shoes,4.61
1416,Used Hat,78.38
1417,Soap,64.51
1418,Handmade Fresh Computer,96.17
1419,Gently Used Plastic Pants,98.04
1420,Salad,9.61
1421,Gorgeous Frozen Pants,83.94
1422,Hat,44.44
1423,Awesome Rubber Bike,40.01
1424,Ergonomic Wooden Chips,92.48
1425,Rustic Rubber Towels,11.41
1426,For repair Fresh Gloves,16.65
1427,Generic Frozen Bike,54.79
1428,Refined Ball,11.25
1429,Frozen Computer,56.82
1430,For repair Chair,75.36
1431,Awesome Concrete Keyboard,56.31
1432,For repair Concrete Keyboard,76.89
1433,Mouse,15.12
1434,Shoes,88.19
1435,Fantastic Table,85.11
1436,Refined Sausages,98.37
1437,Shirt,60.94
1438,Unbranded Wooden Chips,88.71
1439,For repair Soft Bike,65.28
1440,Gently Used Rubber Shoes,36.54
1441,Gorgeous Cotton Pants,17.87
1442,Keyboard,65.77
1443,Pizza,85.49
1444,Fish,20.18
1445,Steel Salad,92.29
1446,Tasty Concrete Fish,38.0
1447,Wooden Hat,14.93
1448,Awesome Chips,96.74
1449,Granite Ball,14.99
1450,Chips,51.75
1451,Hat,52.71
1452,Metal Chips,82.1
1453,For repair Metal Chair,10.44
1454,Generic Fresh Sausages,39.09
1455,Generic Concrete Sausages,66.27
1456,Tuna,11.25
1457,Practical Ball,44.02
1458,Chicken,89.23
1459,Used Soap,92.39
1460,Metal Chips,73.68
1461,Frozen Tuna,21.24
1462,Unbranded Metal Ball,34.09
1463,For repair Chicken,70.54
1464,Tasty Metal Computer,36.3
1465,Frozen Car,68.34
1466,Licensed Concrete Sausages,24.01
1467,Used Cotton Mouse,20.7
1468,Pizza,69.81
1469,Granite Chips,46.49
1470,Steel Car,33.54
1471,Wooden Pizza,94.97
1472,Salad,88.33
1473,Plastic Sausages,77.48
1474,Metal Computer,26.69
1475,Rustic Fresh Table,77.17
1476,Car,75.58
1477,Small Bacon,43.05
1478,Shoes,7.21
1479,Metal Computer,93.79
1480,Small Rubber Mouse,79.05
1481,Gorgeous Fresh Fish,82.93
1482,Small Metal Sausages,12.33
1483,Handcrafted Car,38.93
1484,Sleek Cotton Tuna,72.09
1485,Gently Used Soft Bike,21.84
1486,Shoes,9.96
1487,Used Rubber Fish,20.89
1488,Chicken,85.85
1489,Soft Salad,89.32
1490,Rubber Bike,9.09
1491,Pizza,33.29
1492,Table,7.09
1493,Steel Cheese,75.21
1494,Shoes,40.03
1495,Intelligent Granite Table,65.26
1496,Metal Fish,3.38
1497,Plastic Computer,3.72
1498,Hat,57.15
1499,Soft Keyboard,77.69
1500,New Bacon,17.7
1501,Sausages,6.14
1502,Gorgeous Chips,68.22
1503,Awesome Fish,79.5
1504,Intelligent Soft Chair,12.91
1505,Rustic Fresh Hat,21.61
1506,Rubber Shirt,79.66
1507,Table,92.72
1508,For repair Soft Tuna,7.06
1509,Refined Shirt,52.79
1510,Licensed Granite Towels,56.1
1511,Plastic Tuna,4.03
1512,Used Bacon,37.34
1513,Incredible Chips,50.15
1514,Used Mouse,26.74
1515,Metal Chicken,41.74
1516,Fantastic Chicken,29.97
1517,Fantastic Shoes,68.74
1518,Licensed Metal Chips,67.15
1519,Fresh Sausages,23.89
1520,Small Soft Tuna,93.57
1521,Rustic Mouse,87.88
1522,Bike,30.36
1523,Steel Bike,50.09
1524,Intelligent Table,59.02
1525,Handcrafted Fresh Fish,87.36
1526,For repair Rubber Shoes,81.35
1527,Fresh Chair,86.51
1528,Handmade Soft Table,77.88
1529,Fantastic Tuna,80.23
1530,Incredible Pants,26.67
1531,Ball,10.06
1532,Intelligent Wooden Ball,99.62
1533,Chair,38.71
1534,Chair,84.23
1535,Used Chips,90.35
1536,Ergonomic Fresh Pizza,75.83
1537,Sausages,75.7
1538,New Wooden Chicken,74.19
1539,Sausages,65.6
1540,Plastic Hat,6.24
1541,For repair Pants,60.61
1542,Chicken,42.92
1543,Handcrafted Soft Fish,63.81
1544,Soft Ball,96.05
1545,Steel Shoes,65.31
1546,Shirt,5.7
1547,Gorgeous Fresh Computer,78.25
1548,Handmade Frozen Salad,20.42
1549,Shoes,94.34
1550,Handcrafted Cotton Ball,16.7
1551,Sausages,11.13
1552,For repair Fresh Chair,51.9
1553,Shoes,87.68
1554,Hat,41.7
1555,Granite Pants,31.96
1556,Awesome Fish,45.09
1557,Sausages,94.26
1558,Fresh Mouse,60.2
1559,Ball,23.87
1560,Small Soft Computer,54.3
1561,Handcrafted Computer,14.27
1562,Concrete Towels,11.39
1563,Fantastic Steel Pizza,92.56
1564,Gently Used Fresh Bike,23.03
1565,For repair Table,21.6
1566,For repair Shoes,36.14
1567,Concrete Computer,5.86
1568,Plastic Car,61.9
1569,Licensed Fish,83.56
1570,Shirt,99.46
1571,Tasty Fish,60.62
1572,Practical Plastic Fish,78.12
1573,Plastic Salad,29.11
1574,Towels,23.15
1575,Tasty Fresh Chips,31.38
1576,Handmade Plastic Tuna,59.1
1577,Gently Used Towels,34.76
1578,Mouse,27.09
1579,Gently Used Granite Hat,97.24
1580,Salad,27.79
1581,Fresh Sausages,90.75
1582,Refined Chips,71.18
1583,Ergonomic Soap,84.41
1584,Fantastic Cotton Pants,29.15
1585,Tuna,63.72
1586,Small Computer,67.29
1587,Intelligent Fresh Chips,11.43
1588,Used Salad,17.35
1589,Chips,28.05
1590,Ergonomic Fresh Cheese,91.66
1591,Towels,66.74
1592,Intelligent Rubber Shoes,32.27
1593,Used Fresh Pants,82.31
1594,Fantastic Towels,95.5
1595,Practical Cotton Bacon,58.5
1596,Hat,15.04
1597,Ergonomic Chicken,47.93
1598,Incredible Steel Pizza,54.65
1599,Used Bacon,80.29
1600,Rustic Frozen Mouse,69.4
1601,New Wooden Pizza,31.07
1602,Cheese,56.34
1603,Refined Towels,11.33
1604,Granite Pizza,70.05
1605,For repair Towels,30.85
1606,Handcrafted Table,23.55
1607,Plastic Keyboard,43.68
1608,Car,60.18
1609,Gorgeous Steel Computer,77.81
1610,New Ball,95.77
1611,Metal Shirt,45.13
1612,Car,45.57
1613,Gorgeous Concrete Ball,47.87
1614,Rubber Shirt,48.44
1615,Shirt,35.0
1616,Fantastic Computer,73.2
1617,Concrete Fish,78.07
1618,Steel Sausages,6.2
1619,For repair Wooden Pants,73.8
1620,Refined Keyboard,42.35
1621,Concrete Shoes,46.34
1622,Practical Soft Towels,62.03
1623,Handcrafted Steel Chips,63.73
1624,Rustic Bike,30.13
1625,Tuna,94.61
1626,Used Wooden Computer,27.48
1627,Gloves,11.63
1628,Wooden Pizza,47.14
1629,Steel Table,83.5
1630,Ball,56.03
1631,Tuna,95.3
1632,Cotton Pizza,80.95
1633,Frozen Pizza,11.37
1634,Plastic Hat,48.27
1635,Towels,74.82
1636,Fantastic Metal Cheese,93.67
1637,Handcrafted Soft Towels,55.03
1638,Rubber Pizza,60.72
1639,Wooden Gloves,10.76
1640,Wooden Chair,94.85
1641,Fantastic Concrete Bike,91.11
1642,Rustic Sausages,72.61
1643,Soft Sausages,37.63
1644,For repair Cheese,56.58
1645,Tasty Keyboard,23.82
1646,Chips,40.39
1647,Fantastic Steel Sausages,26.51
1648,Awesome Fish,6.75
1649,Licensed Fish,18.43
1650,Rubber Mouse,73.47
1651,Licensed Pizza,17.89
1652,Towels,41.85
1653,Incredible Granite Tuna,56.81
1654,Salad,47.59
1655,Cotton Hat,60.64
1656,Rustic Soft Chips,90.84
1657,Fantastic Soft Cheese,95.22
1658,Handcrafted Granite Bacon,78.69
1659,Metal Towels,73.95
1660,Mouse,91.92
1661,For repair Chicken,7.28
1662,Pants,41.93
1663,Gently Used Gloves,68.98
1664,Chair,19.06
1665,Intelligent Plastic Chicken,10.64
1666,Fresh Sausages,60.2
1667,Awesome Fresh Shirt,30.79
1668,Computer,27.9
1669,Ergonomic Fresh Ball,56.81
1670,For repair Fresh Cheese,68.81
1671,For repair Chair,25.52
1672,Bike,63.03
1673,Tuna,66.33
1674,Frozen Bike,53.96
1675,For repair Towels,81.25
1676,Unbranded Steel Pants,6.96
1677,Wooden Table,8.0
1678,Intelligent Shoes,36.97
1679,Practical Ball,92.12
1680,Hat,31.34
1681,Tasty Granite Soap,36.34
1682,Granite Salad,43.04
1683,Small Wooden Bacon,5.03
1684,Gently Used Chips,55.87
1685,Shirt,40.61
1686,Hat,20.24
1687,Practical Chair,13.29
1688,Incredible Granite Computer,40.05
1689,Practical Chair,5.44
1690,Gently Used Table,78.76
1691,Cotton Table,61.71
1692,Tasty Bacon,66.6
1693,Sleek Sausages,63.24
1694,Shirt,24.86
1695,New Frozen Bacon,4.0
1696,Computer,25.52
1697,Pants,39.22
1698,Incredible Keyboard,98.78
1699,Fantastic Concrete Bike,86.22
1700,Gloves,31.12
1701,Salad,81.75
1702,Metal Salad,10.36
1703,Soap,66.01
1704,New Cheese,88.93
1705,Concrete Gloves,50.97
1706,Incredible Salad,52.26
1707,Sleek Granite Towels,91.26
1708,Cotton Pizza,39.37
1709,Sleek Granite Bacon,48.94
1710,Gorgeous Cotton Gloves,28.02
1711,Plastic Soap,23.31
1712,Used Plastic Ball,31.79
1713,Used Plastic Towels,86.96
1714,Granite Computer,78.29
1715,Handmade Chair,8.97
1716,Chicken,40.28
1717,Ergonomic Granite Ball,58.98
1718,Ergonomic Mouse,54.75
1719,New Cotton Car,13.35
1720,Rustic Granite Soap,59.54
1721,Plastic Mouse,5.61
1722,Concrete Pants,88.16
1723,Awesome Table,27.63
1724,Incredible Soft Salad,57.55
1725,Intelligent Car,31.22
1726,Handcrafted Concrete Table,1.5
1727,Rubber Towels,31.67
1728,Fantastic Fresh Mouse,46.09
1729,New Cotton Tuna,64.89
1730,Fantastic Fresh Chicken,93.31
1731,Ergonomic Chair,12.8
1732,Sausages,65.7
1733,Handmade Bacon,33.31
1734,Fantastic Cheese,14.9
1735,Practical Soap,29.43
1736,Generic Cotton Tuna,75.42
1737,Bike,28.82
1738,Ergonomic Chair,31.34
1739,Handcrafted Cheese,87.31
1740,Wooden Fish,94.78
1741,Pizza,88.09
1742,Plastic Hat,81.81
1743,Awesome Chicken,66.73
1744,Practical Metal Mouse,27.56
1745,For repair Soap,12.13
1746,Fish,13.34
1747,Sleek Car,61.04
1748,Steel Shirt,83.13
1749,Granite Table,86.98
1750,Frozen Chicken,47.87
1751,Fantastic Fresh Bike,65.76
1752,Shoes,78.65
1753,Ergonomic Salad,94.0
1754,Fantastic Cotton Pants,81.45
1755,Chips,61.6
1756,Bike,60.08
1757,Small Salad,66.5
1758,Soft Gloves,59.89
1759,Fantastic Steel Bacon,2.43
1760,Cheese,9.75
1761,Unbranded Chicken,35.57
1762,Used Pants,67.13
1763,Cotton Sausages,11.98
1764,Used Mouse,55.18
1765,Gently Used Cotton Shirt,74.87
1766,Wooden Salad,23.66
1767,Generic Steel Chicken,54.38
1768,Chips,79.95
1769,Frozen Salad,38.6
1770,Generic Ball,39.56
1771,Plastic Ball,49.84
1772,New Fish,23.99
1773,Cotton Car,91.86
1774,Ergonomic Gloves,3.97
1775,Cotton Gloves,39.93
1776,Wooden Pants,80.11
1777,Gorgeous Computer,60.86
1778,New Soap,82.26
1779,Ergonomic Tuna,57.39
1780,Cheese,88.24
1781,Granite Towels,57.97
1782,Fantastic Metal Gloves,14.53
1783,Cheese,67.21
1784,Keyboard,56.71
1785,Handmade Plastic Mouse,39.85
1786,Tasty Wooden Chair,81.08
1787,Cheese,31.53
1788,Frozen Towels,67.92
1789,Table,31.77
1790,Soft Car,10.86
1791,Used Rubber Hat,83.39
1792,Unbranded Wooden Bacon,48.37
1793,Pizza,36.42
1794,Steel Chicken,77.0
1795,Intelligent Concrete Bike,84.66
1796,Wooden Table,2.99
1797,Tasty Car,26.48
1798,Handmade Shirt,16.84
1799,Granite Fish,79.89
1800,Awesome Keyboard,16.77
1801,Granite Sausages,17.75
1802,Bacon,42.62
1803,Steel Bacon,99.36
1804,Unbranded Table,78.05
1805,Unbranded Bacon,27.22
1806,Plastic Computer,44.96
1807,Sleek Cheese,18.1
1808,Pizza,45.67
1809,Towels,88.08
1810,Rustic Granite Keyboard,4.9
1811,Awesome Frozen Chicken,66.45
1812,Unbranded Cotton Mouse,32.94
1813,Frozen Bike,85.57
1814,Plastic Shirt,16.76
1815,Tasty Chair,68.88
1816,Small Steel Table,52.05
1817,Soft Bike,26.87
1818,Handcrafted Shoes,60.65
1819,New Steel Gloves,2.67
1820,Handcrafted Rubber Shirt,51.75
1821,Gorgeous Steel Shoes,61.17
1822,Wooden Shirt,39.52
1823,Handcrafted Chicken,96.27
1824,New Car,67.61
1825,Handcrafted Concrete Gloves,59.91
1826,Tasty Car,75.77
1827,Soft Table,54.92
1828,Hat,38.34
1829,New Frozen Chair,70.31
1830,Rustic Chicken,84.94
1831,Licensed Gloves,1.29
1832,Metal Bike,44.14
1833,Pants,22.5
1834,Soft Soap,43.81
1835,Fantastic Computer,8.54
1836,Rustic Fresh Chicken,64.51
1837,Soft Gloves,41.92
1838,Fresh Shirt,57.91
1839,Soft Pants,62.57
1840,Steel Pizza,75.03
1841,For repair Car,29.63
1842,Metal Shirt,26.14
1843,Chicken,40.33
1844,Intelligent Wooden Gloves,54.87
1845,Computer,13.57
1846,Incredible Soap,59.24
1847,Rubber Keyboard,22.63
1848,Salad,22.81
1849,Practical Fresh Pizza,27.53
1850,Soap,66.72
1851,Frozen Chips,4.3
1852,Awesome Rubber Chicken,14.68
1853,Tasty Computer,98.49
1854,Gently Used Pizza,39.0
1855,Tasty Steel Cheese,62.5
1856,Ergonomic Keyboard,87.54
1857,Concrete Pizza,89.18
1858,Shirt,6.63
1859,Rustic Gloves,8.01
1860,Keyboard,53.51
1861,Awesome Chair,65.76
1862,Sleek Keyboard,35.41
1863,Rubber Shirt,73.85
1864,Refined Mouse,47.78
1865,Keyboard,44.3
1866,Generic Shoes,74.89
1867,Computer,33.11
1868,Bike,24.62
1869,Licensed Computer,87.61
1870,Licensed Keyboard,34.1
1871,Ergonomic Car,75.15
1872,Gorgeous Soft Car,92.64
1873,Gorgeous Concrete Sausages,16.8
1874,Frozen Ball,90.41
1875,Sausages,28.09
1876,Cotton Chair,38.58
1877,Soft Shoes,73.83
1878,Intelligent Bacon,35.25
1879,Tasty Ball,70.12
1880,Rubber Pants,78.55
1881,Fantastic Cheese,34.95
1882,Frozen Towels,51.25
1883,Rubber Chair,95.01
1884,Granite Fish,66.66
1885,Salad,40.7
1886,Gorgeous Rubber Mouse,42.79
1887,Handmade Rubber Hat,13.26
1888,Rubber Bike,90.02
1889,Small Fresh Keyboard,50.78
1890,Sleek Sausages,87.96
1891,Tasty Bike,23.43
1892,Tasty Rubber Bike,56.93
1893,Frozen Shoes,76.24
1894,Steel Pants,36.4
1895,Practical Wooden Salad,52.12
1896,Small Shoes,71.82
1897,Handcrafted Chicken,88.57
1898,Concrete Fish,83.42
1899,Sleek Mouse,26.37
1900,Steel Pants,41.19
1901,Chips,19.93
1902,Generic Cheese,25.76
1903,New Steel Bacon,82.06
1904,Plastic Ball,79.73
1905,Rubber Hat,93.38
1906,Practical Pizza,95.37
1907,Gently Used Fresh Cheese,25.29
1908,Unbranded Keyboard,45.75
1909,Handcrafted Plastic Pizza,27.45
1910,Incredible Salad,2.15
1911,Chips,64.25
1912,Rustic Shirt,86.07
1913,Fantastic Metal Chair,16.59
1914,Ball,65.56
1915,Used Fish,35.51
1916,Ball,97.7
1917,Practical Gloves,65.94
1918,Fantastic Plastic Hat,74.4
1919,Computer,94.13
1920,Handmade Soft Keyboard,76.71
1921,Gorgeous Soft Pants,34.91
1922,Bacon,93.46
1923,Cheese,55.41
1924,Used Fresh Keyboard,5.71
1925,Practical Wooden Bike,48.11
1926,Licensed Soft Sausages,23.51
1927,Sleek Shoes,26.74
1928,Fresh Towels,36.39
1929,Computer,13.86
1930,Used Hat,53.32
1931,Pants,96.73
1932,Used Shoes,91.94
1933,Frozen Tuna,71.26
1934,Handcrafted Table,99.89
1935,Tasty Tuna,93.75
1936,Cotton Towels,53.68
1937,Gorgeous Ball,16.84
1938,Salad,51.88
1939,Pizza,71.92
1940,Small Chips,42.72
1941,Incredible Plastic Table,93.76
1942,Plastic Soap,18.82
1943,Rubber Chair,50.79
1944,Rubber Keyboard,33.66
1945,Refined Bacon,68.26
1946,Soft Gloves,57.85
1947,Towels,76.61
1948,Hat,64.64
1949,Licensed Frozen Keyboard,51.03
1950,Metal Cheese,12.24
1951,Refined Frozen Pants,32.2
1952,For repair Table,34.34
1953,Plastic Shoes,54.35
1954,Practical Rubber Hat,89.96
1955,Wooden Computer,30.86
1956,Car,51.19
1957,Tasty Chicken,82.35
1958,Practical Fish,29.06
1959,Table,86.48
1960,Ball,64.44
1961,Sleek Steel Gloves,25.27
1962,Cotton Shirt,47.49
1963,Towels,12.17
1964,Ergonomic Fresh Towels,38.02
1965,New Metal Sausages,49.99
1966,Sausages,96.45
1967,Handmade Chicken,91.31
1968,Salad,66.89
1969,Tasty Concrete Pizza,28.89
1970,Granite Pizza,68.47
1971,Refined Fresh Mouse,9.33
1972,Sausages,43.83
1973,Chair,23.13
1974,Salad,23.22
1975,Handmade Metal Shirt,94.52
1976,Awesome Towels,52.88
1977,Handcrafted Ball,39.64
1978,Mouse,11.97
1979,Refined Metal Chicken,35.16
1980,Cheese,75.87
1981,Mouse,20.39
1982,Incredible Rubber Tuna,87.31
1983,Ball,35.17
1984,Fresh Shirt,76.58
1985,Tuna,98.93
1986,Intelligent Pants,4.98
1987,Sleek Shirt,46.8
1988,Generic Steel Keyboard,40.38
1989,Rustic Bacon,14.99
1990,Rubber Salad,20.3
1991,Soft Chair,27.72
1992,Cotton Tuna,47.52
1993,Pizza,68.57
1994,Chips,76.06
1995,Refined Chips,59.71
1996,Tasty Cotton Ball,93.66
1997,Gorgeous Sausages,99.08
1998,Concrete Chips,72.02
1999,Fresh Fish,79.03
2000,Shirt,27.24
